--
-- データベース名: book_rental
--

CREATE DATABASE IF NOT EXISTS book_rental;

USE book_rental;

DROP TABLE IF EXISTS rent_book;
DROP TABLE IF EXISTS rent;
DROP TABLE IF EXISTS book;
DROP TABLE IF EXISTS member;


--
-- 書籍表
--
CREATE TABLE book (
  id     CHAR(5) PRIMARY KEY,
  name   VARCHAR(100),
  author VARCHAR(100)
);

INSERT INTO book VALUES
('bk001', 'いやいやえん',     '中川李枝子'),
('bk002', 'わたしとあそんで', 'エッツ'),
('bk003', 'エルマーの冒険',   'ガネット'),
('bk004', 'ゲド戦記',         'ル・グウィン'),
('bk005', 'けんはへっちゃら', '谷川俊太郎');

SELECT * FROM book;

--
-- 会員表
--
CREATE TABLE member (
  id   CHAR(6) PRIMARY KEY,
  name VARCHAR(50)
);

INSERT INTO member VALUES
('123456', '浦島太郎'),
('123457', '金太郎'),
('123458', 'かぐや姫');

SELECT * FROM member;


--
-- 貸出表 rent
--
CREATE TABLE rent (
  id         INT PRIMARY KEY AUTO_INCREMENT,
  member_id  CHAR(6),
  rent_day   DATE,
  return_day DATE,
  FOREIGN KEY (member_id)
  REFERENCES member (id)
);

INSERT INTO rent
  (member_id, rent_day, return_day)
VALUES
  ('123456', '2024/9/30', '2024/10/15'),
  ('123456', '2024/9/18', '2024/10/2' ),
  ('123457', '2024/9/30', '2024/10/15'),
  ('123458', '2024/9/3',  '2024/9/17' );

SELECT * FROM rent;

--
-- 貸出書籍表 rent_book
--
CREATE TABLE rent_book (
  rent_id INT,
  book_id CHAR(5),
  PRIMARY KEY (rent_id, book_id)
);

ALTER TABLE rent_book
ADD
  FOREIGN KEY (rent_id) REFERENCES rent (id);
  
ALTER TABLE rent_book
ADD
  FOREIGN KEY (book_id) REFERENCES book (id);
  

INSERT INTO rent_book VALUES
(1, 'bk001'),
(1, 'bk002'),
(2, 'bk003'),
(3, 'bk004'),
(3, 'bk005'),
(4, 'bk001');

SELECT * FROM rent_book;


--
-- 結合表 INNER JOIN
--
SELECT
  r.id         AS 貸出表,
  m.id         AS 会員番号,
  m.name       AS 会員名,
  b.id         AS 書籍番号,
  b.name       AS 書籍名,
  b.author     AS 著者,
  r.rent_day   AS 貸出日,
  r.return_day AS 返却予定日
FROM rent r
  INNER JOIN member m
  ON r.member_id = m.id
    INNER JOIN rent_book rb
    ON r.id = rb.rent_id
      INNER JOIN book b
      ON rb.book_id = b.id
;

